{
  "": [
    7.873053999999999,
    80.77179699999999
  ],
  "Agunakolapelessa": [
    6.165568899999999,
    80.9031172
  ],
  "Akkaraipattu Irrigation": [
    7.2193917,
    81.8497567
  ],
  "Akkarayan": [
    9.3261452,
    80.30181069999999
  ],
  "Alampil": [
    9.1815797,
    80.8460822
  ],
  "Almapil": [
    7.873053999999999,
    80.77179699999999
  ],
  "Ambepussa": [
    7.241776299999999,
    80.2112164
  ],
  "Ambewela": [
    6.8787195,
    80.8135558
  ],
  "Ampan": [
    9.7352621,
    80.29345219999999
  ],
  "Ampara": [
    7.301756300000001,
    81.6747295
  ],
  "Anamaduwa": [
    7.8777703,
    80.01111560000001
  ],
  "Andigama": [
    7.7782889,
    79.9486489
  ],
  "Angamedilla": [
    7.863731,
    80.930809
  ],
  "Angoda": [
    6.9367411,
    79.92703639999999
  ],
  "Anuradhapura": [
    8.311351799999999,
    80.4036508
  ],
  "Aralaganwila": [
    7.7693494,
    81.1747498
  ],
  "Aranayeka": [
    7.1496651,
    80.4649829
  ],
  "Atchuvely": [
    9.7786397,
    80.1160651
  ],
  "Attaragalla Tank": [
    7.873053999999999,
    80.77179699999999
  ],
  "Awissawella": [
    6.954328899999999,
    80.2045768
  ],
  "Ayagama": [
    6.6355603,
    80.3129541
  ],
  "Baddegama": [
    6.168829199999999,
    80.1793976
  ],
  "Baddegama ": [
    6.168829199999999,
    80.1793976
  ],
  "Badulla": [
    6.993400899999999,
    81.0549815
  ],
  "Bakamuna": [
    7.780602000000001,
    80.818401
  ],
  "Balangoda": [
    6.666861099999999,
    80.70480839999999
  ],
  "Balapitiya": [
    6.2783546,
    80.0403047
  ],
  "Bandagiriya Tank": [
    7.873053999999999,
    80.77179699999999
  ],
  "Bandaragama": [
    6.7144073,
    79.9890604
  ],
  "Bandarawela": [
    6.825877999999999,
    80.9981576
  ],
  "Bata Atha": [
    6.109917299999999,
    80.901416
  ],
  "Batalagoda": [
    7.599531,
    80.10185229999999
  ],
  "Batticaloa": [
    7.7249146,
    81.6966911
  ],
  "Batuwangala": [
    6.3801159,
    80.38117510000001
  ],
  "Benthotawatta": [
    7.873053999999999,
    80.77179699999999
  ],
  "Bibila": [
    7.162408999999999,
    81.22158999999999
  ],
  "Bogawanthalawa": [
    6.7972337,
    80.675692
  ],
  "Boossa": [
    6.0889494,
    80.1560648
  ],
  "Bowatenna": [
    7.671017399999998,
    80.65627529999999
  ],
  "Canawarella": [
    7.873053999999999,
    80.77179699999999
  ],
  "Canyon": [
    6.87025261687585,
    80.52581841045284
  ],
  "Castlereigh": [
    6.8577186,
    80.5855038
  ],
  "Chavakachcheri": [
    9.666459999999999,
    80.1320918
  ],
  "Chilaw R.D": [
    7.8624119,
    79.9988476
  ],
  "Colombo": [
    6.9270786,
    79.861243
  ],
  "Colombo Fort": [
    6.936070099999999,
    79.84504969999999
  ],
  "Dampalessa": [
    7.873053999999999,
    80.77179699999999
  ],
  "Deegavapi": [
    7.2847427,
    81.78578850000001
  ],
  "Dehiwala": [
    6.855948499999999,
    79.86296829999999
  ],
  "Delft": [
    9.516667000000002,
    79.68333299999999
  ],
  "Delhena": [
    7.873053999999999,
    80.77179699999999
  ],
  "Deniyaya": [
    6.3424847,
    80.5596582
  ],
  "Dethanagala": [
    7.873053999999999,
    80.77179699999999
  ],
  "Diganwewa": [
    7.6462736,
    79.8604831
  ],
  "Diyabeduma": [
    7.9297432,
    80.8709872
  ],
  "Dodangaslanda": [
    7.575677400000001,
    80.524397
  ],
  "Dummalasooriya": [
    7.4924001,
    79.9108744
  ],
  "Dyraba Estate": [
    6.8833914,
    80.93733879999999
  ],
  "Ekgal": [
    7.873053999999999,
    80.77179699999999
  ],
  "Elahara": [
    7.734387000000001,
    80.7934798
  ],
  "Elephant Pass": [
    9.5044995,
    80.402048
  ],
  "Elkaduwa": [
    7.4172376,
    80.68401209999999
  ],
  "Elston": [
    7.873053999999999,
    80.77179699999999
  ],
  "Embilipitiya": [
    6.3162324,
    80.8433145
  ],
  "Ethawatunu": [
    7.873053999999999,
    80.77179699999999
  ],
  "Galgamuwa": [
    7.9864944,
    80.2878794
  ],
  "Galle": [
    6.032894799999999,
    80.2167912
  ],
  "Galoola": [
    7.873053999999999,
    80.77179699999999
  ],
  "Gampaha": [
    7.0840484,
    80.0098314
  ],
  "Ginigathhena": [
    6.9893171,
    80.4926933
  ],
  "Girandurukotte": [
    7.462916900000001,
    81.0174917
  ],
  "Gonapitiya Merigold": [
    7.042666,
    80.8128636
  ],
  "Guruluwana": [
    6.7912154,
    80.43543369999999
  ],
  "Habarana Lodge": [
    8.032214699999999,
    80.7519272
  ],
  "Hambanthota": [
    6.1428829,
    81.12123079999999
  ],
  "Handapanagala": [
    6.6570364,
    81.1220208
  ],
  "Handessa": [
    7.2303052,
    80.582033
  ],
  "Hanwella": [
    6.8978344,
    80.0814292
  ],
  "Helboda North": [
    8.8855027,
    80.2767327
  ],
  "Hilpanakandura": [
    7.873053999999999,
    80.77179699999999
  ],
  "Hindawa": [
    7.513648099999998,
    80.1400671
  ],
  "Hiniduma": [
    6.309448199999999,
    80.324096
  ],
  "Holmwood": [
    7.873053999999999,
    80.77179699999999
  ],
  "Hope": [
    7.873053999999999,
    80.77179699999999
  ],
  "Horagasgara": [
    7.873053999999999,
    80.77179699999999
  ],
  "Huruliwawa": [
    7.873053999999999,
    80.77179699999999
  ],
  "Illukuchchanai": [
    7.873053999999999,
    80.77179699999999
  ],
  "Ilubuluwa Estate": [
    7.873053999999999,
    80.77179699999999
  ],
  "Inginiyagala": [
    7.213815599999999,
    81.54318719999999
  ],
  "Iranamadu": [
    9.3333924,
    80.4000021
  ],
  "Jaffna": [
    9.6614981,
    80.02554649999999
  ],
  "Jaffna Irrigation": [
    9.6614981,
    80.02554649999999
  ],
  "Kahagolla Estate": [
    6.816058099999999,
    80.96914749999999
  ],
  "Kalatuwawa": [
    6.850000000000001,
    80.2
  ],
  "Kalavedi Ulpotha": [
    7.906018,
    80.3667198
  ],
  "Kalmunai": [
    7.414383099999999,
    81.8306334
  ],
  "Kaluthara": [
    6.5853948,
    79.96074
  ],
  "Kamalasram": [
    7.873053999999999,
    80.77179699999999
  ],
  "Kamandaluwa": [
    7.7761111,
    79.9947222
  ],
  "Kandaketiya": [
    7.2100496,
    81.01361059999999
  ],
  "Kandalama": [
    7.8884985,
    80.7103532
  ],
  "Kanthale Tank": [
    8.3673704,
    80.9843446
  ],
  "Karagala": [
    7.1336172,
    80.5091133
  ],
  "Karandipowal": [
    7.873053999999999,
    80.77179699999999
  ],
  "Katandola": [
    6.3017971,
    80.1958755
  ],
  "Katugasthota": [
    7.3251558,
    80.62297869999999
  ],
  "Katunayake": [
    7.172484899999999,
    79.8853484
  ],
  "Kaudulla": [
    7.873053999999999,
    80.77179699999999
  ],
  "Kekirawa": [
    8.042103,
    80.59383299999999
  ],
  "Kethendola": [
    7.873053999999999,
    80.77179699999999
  ],
  "Kilinochchi Agriculture": [
    9.3802886,
    80.3769999
  ],
  "Kirama": [
    6.2066921,
    80.6618234
  ],
  "Kiran": [
    7.867779699999999,
    81.5102655
  ],
  "Kirindiwela": [
    7.0411825,
    80.1289324
  ],
  "Kotagala Rosita": [
    6.929680599999999,
    80.6049374
  ],
  "Kotmale": [
    7.0223089,
    80.5910567
  ],
  "Kuchchaveli": [
    8.821385,
    81.0947808
  ],
  "Kukuleganaga": [
    6.582781400000001,
    80.23423249999999
  ],
  "Kuliyapitiya": [
    7.472123000000001,
    80.0446221
  ],
  "Kundasale": [
    7.3096237,
    80.7103532
  ],
  "Kurunagala": [
    7.4817695,
    80.3608876
  ],
  "Kurunduoya": [
    7.083049,
    80.83777889999999
  ],
  "Kuttapitiya Tea": [
    6.653552299999999,
    80.5605111
  ],
  "Ky;iyj;jPT/ Mulatiw": [
    7.873053999999999,
    80.77179699999999
  ],
  "Labugama": [
    6.8618547,
    80.1691309
  ],